anyo,media_ene,media_feb,media_mar,media_abr,media_may,media_jun,media_jul,media_ago,media_sep,media_oct,media_nov,media_dic,anomalia_ene,anomalia_feb,anomalia_mar,anomalia_abr,anomalia_may,anomalia_jun,anomalia_jul,anomalia_ago,anomalia_sep,anomalia_oct,anomalia_nov,anomalia_dic,media_anual,extremo_anual,dias_con_dato_ene,dias_con_dato_feb,dias_con_dato_mar,dias_con_dato_abr,dias_con_dato_may,dias_con_dato_jun,dias_con_dato_jul,dias_con_dato_ago,dias_con_dato_sep,dias_con_dato_oct,dias_con_dato_nov,dias_con_dato_dic
1990,15.10,19.27,18.41,19.19,23.50,26.41,30.03,30.62,28.15,23.55,18.53,13.94,-0.49,2.84,-0.31,-1.77,-0.60,-1.51,-0.38,-0.10,0.35,-0.32,-0.54,-2.15,22.23,37.80,31,28,31,30,31,30,31,31,30,31,30,31
1991,14.54,14.46,17.97,18.36,20.85,25.90,30.33,31.35,28.67,21.89,18.97,15.24,-1.06,-1.97,-0.75,-2.60,-3.26,-2.02,-0.08,0.63,0.87,-1.98,-0.11,-0.85,21.54,37.50,31,28,31,30,31,30,31,31,30,31,30,31
1992,13.21,14.97,17.70,20.49,23.68,23.91,29.08,31.03,27.17,22.45,20.17,15.74,-2.39,-1.47,-1.02,-0.47,-0.42,-4.00,-1.32,0.31,-0.63,-1.42,1.09,-0.36,21.63,34.20,31,29,31,30,31,30,31,31,30,31,30,31
1993,13.89,14.06,16.71,20.37,23.26,27.55,28.51,30.06,27.49,21.37,17.15,16.73,-1.70,-2.38,-2.00,-0.59,-0.85,-0.36,-1.90,-0.66,-0.31,-2.49,-1.92,0.64,21.43,35.60,31,28,31,30,31,30,31,31,30,31,30,31
1994,16.59,17.42,18.96,20.19,24.32,27.63,30.97,31.22,26.81,22.68,20.38,16.67,0.99,0.99,0.25,-0.77,0.22,-0.28,0.56,0.50,-0.99,-1.19,1.31,0.58,22.82,35.20,31,28,31,30,31,30,31,31,30,31,30,31
1995,16.79,19.09,18.95,20.45,24.16,26.00,30.23,30.03,26.75,24.01,20.07,16.67,1.20,2.66,0.23,-0.51,0.06,-1.92,-0.18,-0.69,-1.05,0.14,1.00,0.58,22.77,33.20,31,28,31,30,31,30,31,31,30,31,30,31
1996,16.17,15.74,17.39,20.60,23.65,28.19,29.74,29.51,26.10,23.25,19.30,15.64,0.57,-0.69,-1.33,-0.36,-0.45,0.27,-0.67,-1.21,-1.70,-0.62,0.23,-0.45,22.11,34.00,31,29,31,30,31,30,31,31,30,31,30,31
1997,13.68,17.52,20.08,21.34,24.08,27.63,29.18,30.79,27.47,25.61,19.47,16.10,-1.91,1.09,1.36,0.38,-0.02,-0.28,-1.23,0.07,-0.33,1.75,0.39,0.01,22.75,36.60,31,28,31,30,31,30,31,31,30,31,30,31
1998,15.90,16.40,19.38,22.03,23.31,27.19,30.86,31.03,28.59,23.97,18.94,15.13,0.31,-0.03,0.67,1.07,-0.80,-0.73,0.46,0.31,0.79,0.10,-0.13,-0.96,22.73,35.80,31,28,31,30,31,30,31,31,30,31,30,31
1999,15.31,16.72,18.55,22.28,24.97,27.35,29.89,31.02,28.74,23.05,16.85,16.07,-0.28,0.29,-0.17,1.32,0.86,-0.57,-0.52,0.30,0.94,-0.82,-2.22,-0.02,22.57,35.80,31,28,31,30,31,30,31,31,30,31,30,31
2000,13.43,18.84,19.09,21.51,24.52,27.81,29.42,30.30,28.05,23.04,18.72,16.95,-2.16,2.41,0.38,0.55,0.42,-0.11,-0.99,-0.42,0.25,-0.83,-0.35,0.86,22.64,35.20,31,29,31,30,31,30,31,31,30,31,30,31
2001,17.41,16.59,22.89,21.73,24.34,28.20,29.88,31.06,27.00,25.03,16.95,14.10,1.82,0.15,4.18,0.77,0.23,0.28,-0.53,0.34,-0.80,1.17,-2.12,-1.99,22.93,36.00,31,28,31,30,31,30,31,31,30,31,30,31
2002,15.46,18.03,19.10,20.44,22.34,28.69,29.56,28.61,27.41,24.52,20.70,17.39,-0.13,1.59,0.38,-0.52,-1.76,0.77,-0.85,-2.11,-0.39,0.65,1.63,1.30,22.69,32.80,31,28,31,30,31,30,31,31,30,31,30,31
2003,15.83,14.89,18.52,20.98,24.17,31.54,31.74,33.38,27.51,22.51,19.18,16.12,0.24,-1.55,-0.19,0.02,0.07,3.62,1.33,2.66,-0.29,-1.36,0.11,0.03,23.03,37.40,31,28,31,30,31,30,31,31,30,31,30,31
2004,18.22,15.04,16.12,20.18,22.77,28.78,30.15,31.82,28.46,25.64,18.42,15.69,2.63,-1.39,-2.59,-0.78,-1.33,0.87,-0.26,1.10,0.66,1.78,-0.66,-0.40,22.61,37.20,31,29,31,30,31,30,31,31,30,31,30,31
2005,14.97,14.21,17.60,21.60,24.86,29.82,30.77,30.00,27.69,24.11,17.96,14.97,-0.63,-2.22,-1.11,0.64,0.76,1.90,0.36,-0.72,-0.11,0.24,-1.11,-1.12,22.38,36.30,31,28,31,30,31,30,31,31,30,31,30,31
2006,13.54,15.42,20.07,22.18,24.98,27.53,31.94,30.41,28.11,25.77,20.39,15.97,-2.06,-1.01,1.36,1.22,0.88,-0.39,1.53,-0.31,0.31,1.90,1.32,-0.12,23.02,34.60,31,28,31,30,31,30,31,31,30,31,30,31
2007,15.77,18.69,19.39,20.67,25.71,28.22,30.17,29.97,27.16,22.78,18.21,15.67,0.17,2.26,0.68,-0.29,1.60,0.30,-0.24,-0.75,-0.64,-1.09,-0.86,-0.42,22.70,37.20,31,28,31,30,31,30,31,31,30,31,30,31
2008,16.83,16.46,19.67,22.13,22.56,27.14,29.79,30.38,27.03,22.45,17.68,14.58,1.24,0.02,0.96,1.17,-1.54,-0.78,-0.61,-0.34,-0.77,-1.42,-1.39,-1.51,22.22,39.40,31,29,31,30,31,30,31,31,30,31,30,31
2009,14.59,15.97,17.95,20.16,24.86,28.93,30.44,31.23,27.02,24.71,21.11,16.07,-1.01,-0.46,-0.77,-0.80,0.76,1.02,0.03,0.51,-0.78,0.85,2.03,-0.02,22.75,40.60,31,28,31,30,31,30,31,31,30,31,30,31
2010,13.96,15.51,16.66,20.05,23.43,27.07,31.07,30.34,27.94,22.97,18.51,14.53,-1.63,-0.93,-2.05,-0.91,-0.68,-0.85,0.66,-0.38,0.14,-0.89,-0.56,-1.56,21.84,36.00,31,28,31,30,31,30,31,31,30,31,30,31
2011,14.62,17.01,17.27,22.09,25.01,27.08,29.24,30.86,29.26,24.85,19.38,17.00,-0.97,0.58,-1.44,1.13,0.90,-0.83,-1.17,0.14,1.46,0.98,0.31,0.91,22.81,37.10,31,28,31,30,31,30,31,31,30,31,30,31
2012,16.04,14.10,18.75,21.13,25.23,28.84,29.81,31.36,27.85,23.83,18.40,16.58,0.44,-2.33,0.04,0.17,1.13,0.92,-0.60,0.64,0.05,-0.03,-0.68,0.49,22.66,34.60,31,29,31,30,31,30,31,31,30,31,30,31
2013,17.13,15.72,19.25,19.71,22.65,26.76,31.23,29.65,28.06,25.60,19.21,15.46,1.54,-0.72,0.54,-1.25,-1.46,-1.16,0.82,-1.06,0.26,1.73,0.13,-0.63,22.54,35.10,31,28,31,30,31,30,31,31,30,31,30,31
2014,16.55,17.48,19.05,22.65,24.15,27.91,29.73,30.07,28.86,25.82,19.92,15.82,0.95,1.05,0.33,1.69,0.05,-0.01,-0.68,-0.65,1.06,1.95,0.84,-0.27,23.17,33.40,31,28,31,30,31,30,31,31,30,31,30,31
2015,16.14,15.52,18.50,20.94,26.48,29.29,32.27,30.70,27.10,22.79,19.91,17.07,0.55,-0.92,-0.22,-0.02,2.37,1.37,1.87,-0.02,-0.70,-1.07,0.84,0.98,23.06,36.80,31,28,31,30,31,30,31,31,30,31,30,31
2016,17.27,18.09,18.46,21.17,23.43,28.26,30.71,30.60,28.86,24.12,18.77,16.63,1.68,1.66,-0.25,0.21,-0.67,0.35,0.30,-0.12,1.06,0.25,-0.31,0.54,23.03,35.10,31,29,31,30,31,30,31,31,30,31,30,31
2017,14.74,17.50,19.99,21.08,25.64,30.12,30.97,30.76,27.49,25.54,19.81,16.85,-0.85,1.07,1.28,0.12,1.53,2.21,0.56,0.04,-0.31,1.67,0.73,0.76,23.37,37.00,31,28,31,30,31,30,31,31,30,31,30,31
2018,17.79,14.79,19.20,21.54,24.02,28.33,31.34,31.42,28.60,23.06,18.46,17.21,2.19,-1.64,0.49,0.58,-0.08,0.41,0.93,0.70,0.80,-0.81,-0.61,1.12,22.98,36.20,31,28,31,30,31,30,31,31,30,31,30,31
2019,15.99,17.45,20.04,20.42,23.67,28.22,32.09,31.25,28.17,24.72,19.86,17.30,0.40,1.02,1.32,-0.54,-0.43,0.30,1.69,0.53,0.37,0.85,0.79,1.21,23.26,38.80,31,28,31,30,31,30,31,31,30,31,30,31
2020,15.45,19.33,18.13,20.35,26.02,27.64,31.10,31.37,28.52,23.88,19.35,16.77,-0.14,2.90,-0.58,-0.61,1.91,-0.28,0.69,0.65,0.72,0.01,0.27,0.68,23.16,35.10,31,29,31,30,31,30,31,31,30,31,30,31
2021,16.34,17.68,17.42,18.45,23.60,28.15,29.99,30.30,28.30,24.21,18.71,17.80,0.75,1.24,-1.29,-2.51,-0.51,0.23,-0.42,-0.42,0.50,0.34,-0.37,1.71,22.58,37.50,31,28,31,30,31,30,31,31,30,31,30,31
2022,16.04,17.81,16.14,20.14,25.52,30.03,31.99,33.03,29.09,25.68,21.62,18.30,0.45,1.38,-2.57,-0.82,1.41,2.11,1.58,2.31,1.29,1.82,2.55,2.21,23.78,37.90,31,28,31,30,31,30,31,31,30,31,30,31
2023,16.20,15.24,21.29,22.12,24.13,28.80,31.42,32.26,28.03,26.32,21.73,17.61,0.60,-1.19,2.57,1.16,0.03,0.88,1.01,1.54,0.23,2.46,2.66,1.52,23.76,38.00,31,28,31,30,31,30,31,31,30,31,30,31
2024,17.46,19.79,19.79,22.17,24.89,28.13,31.36,31.82,27.69,24.54,20.40,17.49,1.87,3.36,1.08,1.21,0.79,0.21,0.95,1.10,-0.11,0.67,1.33,1.40,23.79,36.30,31,29,31,30,31,30,31,31,30,31,29,31
2025,17.59,17.22,17.56,21.72,25.54,30.90,31.48,32.40,28.36,24.58,20.03,16.11,1.99,0.79,-1.16,0.76,1.43,2.99,1.07,1.68,0.56,0.72,0.96,0.02,23.62,37.30,31,28,31,30,31,30,31,31,30,31,30,31
2026,15.53,19.73,17.61,22.90,25.46,30.57,33.22,,,,,,-0.06,3.29,-1.10,1.94,1.35,2.66,2.81,,,,,,,38.90,31,28,31,30,31,30,31,9,0,0,0,0
normal,15.59,16.43,18.71,20.96,24.10,27.92,30.41,30.72,27.80,23.87,19.07,16.09,,,,,,,,,,,,,,,,,,,,,,,,,,
